{"stats":{"minecraft:used":{"minecraft:lever":4,"minecraft:dropper":2,"minecraft:flint_and_steel":40,"minecraft:grass_block":37,"minecraft:armor_stand":16,"minecraft:dispenser":1,"minecraft:redstone":23,"minecraft:netherite_chestplate":3,"minecraft:oak_planks":2,"minecraft:iron_golem_spawn_egg":2,"minecraft:chest":7,"minecraft:leather_helmet":1,"minecraft:totem_of_undying":16,"minecraft:leather_boots":1,"minecraft:item_frame":3,"minecraft:netherite_boots":4,"minecraft:repeater":5,"minecraft:rail":1,"minecraft:anvil":1,"minecraft:netherite_leggings":4,"minecraft:crafting_table":1,"minecraft:grindstone":1,"minecraft:smithing_table":1,"minecraft:chest_minecart":4,"minecraft:minecart":1,"minecraft:netherite_helmet":3,"minecraft:painting":2},"minecraft:crafted":{"minecraft:air":0},"minecraft:custom":{"minecraft:time_since_rest":18940,"minecraft:interact_with_smithing_table":23,"minecraft:inspect_dropper":2,"minecraft:sprint_one_cm":14717,"minecraft:damage_taken":1141,"minecraft:walk_one_cm":77330,"minecraft:damage_absorbed":1254,"minecraft:interact_with_anvil":4,"minecraft:drop":61,"minecraft:damage_dealt":40,"minecraft:interact_with_crafting_table":1,"minecraft:swim_one_cm":2464,"minecraft:fly_one_cm":446976,"minecraft:crouch_one_cm":101,"minecraft:open_chest":79,"minecraft:play_time":68230,"minecraft:deaths":1,"minecraft:sneak_time":164,"minecraft:walk_under_water_one_cm":13808,"minecraft:jump":214,"minecraft:interact_with_grindstone":23,"minecraft:leave_game":1,"minecraft:walk_on_water_one_cm":888,"minecraft:time_since_death":18908,"minecraft:total_world_time":68230,"minecraft:fall_one_cm":7620,"minecraft:inspect_dispenser":3},"minecraft:mined":{"minecraft:grass":2},"minecraft:dropped":{"minecraft:ice":1,"minecraft:oak_log":4,"minecraft:chest":1,"minecraft:netherite_chestplate":16,"minecraft:netherite_helmet":16,"minecraft:grindstone":1,"minecraft:shaper_armor_trim_smithing_template":4,"minecraft:painting":1,"minecraft:totem_of_undying":447},"minecraft:picked_up":{"minecraft:orange_shulker_box":4,"minecraft:leather_chestplate":1,"minecraft:chest_minecart":4,"minecraft:purple_shulker_box":2,"minecraft:oak_log":1026,"minecraft:redstone":1,"minecraft:prismarine_crystals":4,"minecraft:shaper_armor_trim_smithing_template":4,"minecraft:cooked_salmon":3,"minecraft:tnt":1,"minecraft:item_frame":2,"minecraft:arrow":581,"minecraft:cooked_cod":2,"minecraft:diamond":1,"minecraft:netherite_helmet":16,"minecraft:iron_ingot":16,"minecraft:heart_of_the_sea":1,"minecraft:grindstone":2,"minecraft:emerald":4,"minecraft:gold_ingot":3,"minecraft:totem_of_undying":443,"minecraft:poppy":3,"minecraft:netherite_chestplate":16}},"DataVersion":3465}