{"stats":{"minecraft:used":{"minecraft:leather_helmet":1,"minecraft:leather_boots":1},"minecraft:custom":{"minecraft:jump":6,"minecraft:open_chest":4,"minecraft:time_since_rest":8681,"minecraft:sprint_one_cm":67,"minecraft:play_time":8681,"minecraft:walk_on_water_one_cm":659,"minecraft:time_since_death":8681,"minecraft:walk_one_cm":760,"minecraft:total_world_time":8681,"minecraft:walk_under_water_one_cm":9811,"minecraft:swim_one_cm":2464,"minecraft:fly_one_cm":208832},"minecraft:mined":{"minecraft:grass":2}},"DataVersion":3465}