{"stats":{"minecraft:used":{"minecraft:flint_and_steel":40,"minecraft:armor_stand":16,"minecraft:netherite_chestplate":3,"minecraft:iron_golem_spawn_egg":2,"minecraft:chest":7,"minecraft:leather_helmet":1,"minecraft:totem_of_undying":16,"minecraft:leather_boots":1,"minecraft:netherite_boots":4,"minecraft:anvil":1,"minecraft:netherite_leggings":4,"minecraft:grindstone":1,"minecraft:smithing_table":1,"minecraft:netherite_helmet":3,"minecraft:painting":2},"minecraft:crafted":{"minecraft:air":0},"minecraft:custom":{"minecraft:time_since_rest":6940,"minecraft:interact_with_smithing_table":23,"minecraft:sprint_one_cm":14578,"minecraft:damage_taken":1141,"minecraft:walk_one_cm":60036,"minecraft:damage_absorbed":1254,"minecraft:interact_with_anvil":4,"minecraft:drop":61,"minecraft:damage_dealt":40,"minecraft:swim_one_cm":2464,"minecraft:fly_one_cm":440882,"minecraft:open_chest":79,"minecraft:play_time":56230,"minecraft:deaths":1,"minecraft:sneak_time":102,"minecraft:walk_under_water_one_cm":13808,"minecraft:jump":209,"minecraft:interact_with_grindstone":23,"minecraft:leave_game":1,"minecraft:walk_on_water_one_cm":888,"minecraft:time_since_death":6908,"minecraft:total_world_time":56230,"minecraft:fall_one_cm":7620},"minecraft:mined":{"minecraft:grass":2},"minecraft:dropped":{"minecraft:ice":1,"minecraft:oak_log":4,"minecraft:chest":1,"minecraft:netherite_chestplate":16,"minecraft:netherite_helmet":16,"minecraft:grindstone":1,"minecraft:shaper_armor_trim_smithing_template":4,"minecraft:painting":1,"minecraft:totem_of_undying":447},"minecraft:picked_up":{"minecraft:leather_chestplate":1,"minecraft:oak_log":1026,"minecraft:prismarine_crystals":4,"minecraft:shaper_armor_trim_smithing_template":4,"minecraft:cooked_salmon":3,"minecraft:tnt":1,"minecraft:cooked_cod":2,"minecraft:diamond":1,"minecraft:netherite_helmet":16,"minecraft:iron_ingot":16,"minecraft:heart_of_the_sea":1,"minecraft:grindstone":2,"minecraft:emerald":4,"minecraft:gold_ingot":3,"minecraft:totem_of_undying":443,"minecraft:poppy":3,"minecraft:netherite_chestplate":16}},"DataVersion":3465}