{"stats":{"minecraft:used":{"minecraft:armor_stand":16,"minecraft:netherite_chestplate":3,"minecraft:leather_helmet":1,"minecraft:chest":7,"minecraft:leather_boots":1,"minecraft:netherite_boots":4,"minecraft:anvil":1,"minecraft:netherite_leggings":4,"minecraft:grindstone":1,"minecraft:smithing_table":1,"minecraft:netherite_helmet":3,"minecraft:painting":2},"minecraft:crafted":{"minecraft:air":0},"minecraft:custom":{"minecraft:time_since_rest":44681,"minecraft:interact_with_smithing_table":23,"minecraft:sprint_one_cm":7992,"minecraft:walk_one_cm":42583,"minecraft:interact_with_anvil":3,"minecraft:drop":49,"minecraft:fly_one_cm":408910,"minecraft:swim_one_cm":2464,"minecraft:open_chest":69,"minecraft:play_time":44681,"minecraft:sneak_time":100,"minecraft:walk_under_water_one_cm":13808,"minecraft:interact_with_grindstone":16,"minecraft:jump":140,"minecraft:walk_on_water_one_cm":833,"minecraft:time_since_death":44681,"minecraft:total_world_time":44681,"minecraft:fall_one_cm":2508},"minecraft:mined":{"minecraft:grass":2},"minecraft:dropped":{"minecraft:oak_log":4,"minecraft:netherite_helmet":16,"minecraft:netherite_chestplate":16,"minecraft:chest":1,"minecraft:grindstone":1,"minecraft:shaper_armor_trim_smithing_template":4,"minecraft:painting":1,"minecraft:totem_of_undying":276},"minecraft:picked_up":{"minecraft:leather_chestplate":1,"minecraft:oak_log":2,"minecraft:prismarine_crystals":4,"minecraft:cooked_salmon":3,"minecraft:shaper_armor_trim_smithing_template":4,"minecraft:tnt":1,"minecraft:cooked_cod":2,"minecraft:diamond":1,"minecraft:netherite_helmet":16,"minecraft:heart_of_the_sea":1,"minecraft:grindstone":1,"minecraft:iron_ingot":8,"minecraft:totem_of_undying":275,"minecraft:gold_ingot":3,"minecraft:emerald":4,"minecraft:netherite_chestplate":16}},"DataVersion":3465}