{"stats":{"minecraft:used":{"minecraft:netherite_boots":4,"minecraft:netherite_leggings":4,"minecraft:armor_stand":16,"minecraft:smithing_table":1,"minecraft:netherite_chestplate":3,"minecraft:netherite_helmet":3,"minecraft:chest":7,"minecraft:leather_helmet":1,"minecraft:painting":2,"minecraft:leather_boots":1},"minecraft:crafted":{"minecraft:air":0},"minecraft:custom":{"minecraft:time_since_rest":32681,"minecraft:open_chest":65,"minecraft:play_time":32681,"minecraft:sprint_one_cm":6582,"minecraft:walk_one_cm":35078,"minecraft:sneak_time":99,"minecraft:walk_under_water_one_cm":13808,"minecraft:drop":38,"minecraft:jump":97,"minecraft:time_since_death":32681,"minecraft:walk_on_water_one_cm":833,"minecraft:total_world_time":32681,"minecraft:fall_one_cm":2299,"minecraft:swim_one_cm":2464,"minecraft:fly_one_cm":404319,"minecraft:interact_with_smithing_table":20},"minecraft:mined":{"minecraft:grass":2},"minecraft:dropped":{"minecraft:shaper_armor_trim_smithing_template":4,"minecraft:painting":1,"minecraft:oak_log":4,"minecraft:chest":1,"minecraft:netherite_chestplate":16,"minecraft:netherite_helmet":16},"minecraft:picked_up":{"minecraft:shaper_armor_trim_smithing_template":4,"minecraft:cooked_salmon":3,"minecraft:tnt":1,"minecraft:leather_chestplate":1,"minecraft:cooked_cod":2,"minecraft:diamond":1,"minecraft:netherite_helmet":16,"minecraft:heart_of_the_sea":1,"minecraft:iron_ingot":8,"minecraft:oak_log":2,"minecraft:gold_ingot":3,"minecraft:emerald":4,"minecraft:netherite_chestplate":16,"minecraft:prismarine_crystals":4}},"DataVersion":3465}