{
  "minecraft:recipes/decorations/crafting_table": {
    "criteria": {
      "unlock_right_away": "2024-08-22 03:09:35 +0000"
    },
    "done": true
  },
  "minecraft:adventure/adventuring_time": {
    "criteria": {
      "minecraft:birch_forest": "2024-08-22 03:10:19 +0000",
      "minecraft:grove": "2024-08-22 03:10:16 +0000",
      "minecraft:forest": "2024-08-22 03:09:35 +0000",
      "minecraft:old_growth_birch_forest": "2024-08-22 03:10:20 +0000",
      "minecraft:meadow": "2024-08-22 03:10:22 +0000",
      "minecraft:plains": "2024-08-22 03:10:09 +0000"
    },
    "done": false
  },
  "DataVersion": 3465
}